/	/pt/	302
/categories/	/pt/categories/	302
/2020/08/17/os-vicios-ao-escrever-um-postmortem-em-falhas-de-sistemas-complexos/	/pt/2020/08/17/os-vicios-ao-escrever-um-postmortem-em-falhas-de-sistemas-complexos/	302
/post/	/pt/post/	302
/tags/	/pt/tags/	302
/categories/devops/	/pt/categories/devops/	302
/tags/devops/	/pt/tags/devops/	302
/categories/portugues/	/pt/categories/portugues/	302
/tags/portugues/	/pt/tags/portugues/	302
/categories/postmortem/	/pt/categories/postmortem/	302
/tags/postmortem/	/pt/tags/postmortem/	302
/categories/sre/	/pt/categories/sre/	302
/tags/sre/	/pt/tags/sre/	302
/2020/08/12/painel-engajamento-em-comunicacao-entre-times-e-ferramenta/	/pt/2020/08/12/painel-engajamento-em-comunicacao-entre-times-e-ferramenta/	302
/categories/agile/	/pt/categories/agile/	302
/tags/agile/	/pt/tags/agile/	302
/categories/agilidade/	/pt/categories/agilidade/	302
/tags/lideranca/	/pt/tags/lideranca/	302
/2020/07/16/continuous-integration-vs-continuous-delivery-vs-continuous-deployment/	/pt/2020/07/16/continuous-integration-vs-continuous-delivery-vs-continuous-deployment/	302
/categories/continuous-delivery/	/pt/categories/continuous-delivery/	302
/tags/continuous-delivery/	/pt/tags/continuous-delivery/	302
/tags/continuous-integration/	/pt/tags/continuous-integration/	302
/tags/pipeline/	/pt/tags/pipeline/	302
/2020/06/11/o-custo-implicito-de-coordenacao/	/pt/2020/06/11/o-custo-implicito-de-coordenacao/	302
/tags/cobol/	/pt/tags/cobol/	302
/tags/lean/	/pt/tags/lean/	302
/categories/podcast/	/pt/categories/podcast/	302
/tags/podcast/	/pt/tags/podcast/	302
/categories/scrum/	/pt/categories/scrum/	302
/tags/scrum/	/pt/tags/scrum/	302
/2020/04/30/devops-e-cultura-ou-ferramentas/	/pt/2020/04/30/devops-e-cultura-ou-ferramentas/	302
/tags/gm/	/pt/tags/gm/	302
/tags/okr/	/pt/tags/okr/	302
/categories/toyota-production-system/	/pt/categories/toyota-production-system/	302
/tags/toyota-production-system/	/pt/tags/toyota-production-system/	302
/2019/09/24/kanban-wip-e-observacoes-antropologicas/	/pt/2019/09/24/kanban-wip-e-observacoes-antropologicas/	302
/categories/kanban/	/pt/categories/kanban/	302
/tags/kanban/	/pt/tags/kanban/	302
/tags/wip/	/pt/tags/wip/	302
/2019/09/01/o-kanban-o-facilitador-para-implementar-devops/	/pt/2019/09/01/o-kanban-o-facilitador-para-implementar-devops/	302
/2019/04/29/um-review-do-devopsdays-2019-sao-paulo/	/pt/2019/04/29/um-review-do-devopsdays-2019-sao-paulo/	302
/tags/containers/	/pt/tags/containers/	302
/categories/devopsdays/	/pt/categories/devopsdays/	302
/tags/devopsdays/	/pt/tags/devopsdays/	302
/tags/kubernetes/	/pt/tags/kubernetes/	302
/2019/03/02/simulando-auto-scale-com-docker-compose/	/pt/2019/03/02/simulando-auto-scale-com-docker-compose/	302
/categories/containers/	/pt/categories/containers/	302
/categories/docker/	/pt/categories/docker/	302
/tags/docker/	/pt/tags/docker/	302
/tags/docker-compose/	/pt/tags/docker-compose/	302
/2019/01/04/a-depressao-e-a-tecnologia-da-informacao/	/pt/2019/01/04/a-depressao-e-a-tecnologia-da-informacao/	302
/categories/aleatorio/	/pt/categories/aleatorio/	302
/tags/aleatorio/	/pt/tags/aleatorio/	302
/tags/ansiedade/	/pt/tags/ansiedade/	302
/categories/depressao/	/pt/categories/depressao/	302
/tags/depressao/	/pt/tags/depressao/	302
/tags/oms/	/pt/tags/oms/	302
/tags/opas/	/pt/tags/opas/	302
/categories/trabalho/	/pt/categories/trabalho/	302
/tags/trabalho/	/pt/tags/trabalho/	302
/2018/07/22/review-devopsdays-sao-paulo-2018/	/pt/2018/07/22/review-devopsdays-sao-paulo-2018/	302
/categories/lean/	/pt/categories/lean/	302
/tags/tests/	/pt/tags/tests/	302
/2018/05/04/por-que-ir-ao-devopsdays-sao-paulo-2018/	/pt/2018/05/04/por-que-ir-ao-devopsdays-sao-paulo-2018/	302
/2018/02/14/como-ajudar-alguem-com-sindrome-do-impostor/	/pt/2018/02/14/como-ajudar-alguem-com-sindrome-do-impostor/	302
/tags/mentoria/	/pt/tags/mentoria/	302
/tags/sindrome-do-impostor/	/pt/tags/sindrome-do-impostor/	302
/2018/02/06/campus-party-2018-sao-paulo/	/pt/2018/02/06/campus-party-2018-sao-paulo/	302
/2017/12/28/review-2017/	/pt/2017/12/28/review-2017/	302
/tags/agile-trends/	/pt/tags/agile-trends/	302
/tags/blameless/	/pt/tags/blameless/	302
/tags/campus-party/	/pt/tags/campus-party/	302
/tags/qconsp/	/pt/tags/qconsp/	302
/2017/12/17/devops-os-tres-eureka/	/pt/2017/12/17/devops-os-tres-eureka/	302
/tags/ebc/	/pt/tags/ebc/	302
/tags/flickr/	/pt/tags/flickr/	302
/tags/ford/	/pt/tags/ford/	302
/tags/management-3.0/	/pt/tags/management-3.0/	302
/tags/taylor/	/pt/tags/taylor/	302
/tags/circleci/	/pt/tags/circleci/	302
/2017/11/13/e-o-futuro/	/pt/2017/11/13/e-o-futuro/	302
/2017/10/27/palestras-tecnicas-com-mais-textos/	/pt/2017/10/27/palestras-tecnicas-com-mais-textos/	302
/categories/apresentacao/	/pt/categories/apresentacao/	302
/tags/apresentacao/	/pt/tags/apresentacao/	302
/tags/slides/	/pt/tags/slides/	302
/2017/09/07/blameless-postmortem/	/pt/2017/09/07/blameless-postmortem/	302
/categories/blameless/	/pt/categories/blameless/	302
/tags/etsy/	/pt/tags/etsy/	302
/tags/gitlab/	/pt/tags/gitlab/	302
/tags/morgue/	/pt/tags/morgue/	302
/tags/toyota/	/pt/tags/toyota/	302
/2017/08/21/blameless-a-culpa-nao-e-sua/	/pt/2017/08/21/blameless-a-culpa-nao-e-sua/	302
/tags/chaos/	/pt/tags/chaos/	302
/tags/google/	/pt/tags/google/	302
/2017/08/09/tdc-2017-sao-paulo-uma-grande-experiencia/	/pt/2017/08/09/tdc-2017-sao-paulo-uma-grande-experiencia/	302
/tags/tps/	/pt/tags/tps/	302
/2017/06/23/um-review-do-state-of-devops-report-2017/	/pt/2017/06/23/um-review-do-state-of-devops-report-2017/	302
/tags/buzzword/	/pt/tags/buzzword/	302
/tags/puppet/	/pt/tags/puppet/	302
/2017/06/17/infraestrutura-agil-tem-que-morrer/	/pt/2017/06/17/infraestrutura-agil-tem-que-morrer/	302
/categories/infraagil/	/pt/categories/infraagil/	302
/tags/infragil/	/pt/tags/infragil/	302
/about/	/pt/about/	302
/2017/05/10/devops-o-novo-papel-do-dba/	/pt/2017/05/10/devops-o-novo-papel-do-dba/	302
/tags/automacao/	/pt/tags/automacao/	302
/tags/data-scientist/	/pt/tags/data-scientist/	302
/tags/dba/	/pt/tags/dba/	302
/categories/portuguese/	/pt/categories/portuguese/	302
/tags/release/	/pt/tags/release/	302
/2017/04/09/novo-podcast-na-estrada-devops/	/pt/2017/04/09/novo-podcast-na-estrada-devops/	302
/tags/domain-driven-design/	/pt/tags/domain-driven-design/	302
/tags/elastic-stack/	/pt/tags/elastic-stack/	302
/2017/04/03/instalando-docker-ce-no-debian/	/pt/2017/04/03/instalando-docker-ce-no-debian/	302
/tags/centos/	/pt/tags/centos/	302
/tags/linux/	/pt/tags/linux/	302
/tags/systemd/	/pt/tags/systemd/	302
/2017/04/02/instalando-docker-ce-no-centos/	/pt/2017/04/02/instalando-docker-ce-no-centos/	302
/2017/03/30/docker-pronto-para-o-mundo-corporativo/	/pt/2017/03/30/docker-pronto-para-o-mundo-corporativo/	302
/tags/aws/	/pt/tags/aws/	302
/tags/azure/	/pt/tags/azure/	302
/tags/container/	/pt/tags/container/	302
/2017/03/23/site-reliability-engineer-sre/	/pt/2017/03/23/site-reliability-engineer-sre/	302
/2017/02/16/devops-e-vagas-de-emprego/	/pt/2017/02/16/devops-e-vagas-de-emprego/	302
/tags/netflix/	/pt/tags/netflix/	302
/tags/vagas/	/pt/tags/vagas/	302
/tags/xebialabs/	/pt/tags/xebialabs/	302
/2017/02/13/o-postmortem-da-gitlab/	/pt/2017/02/13/o-postmortem-da-gitlab/	302
/2017/01/10/devops-como-buzzword/	/pt/2017/01/10/devops-como-buzzword/	302
/2016/12/27/devops-anti-patterns-hum-ponto-cinco/	/pt/2016/12/27/devops-anti-patterns-hum-ponto-cinco/	302
/tags/devopssec/	/pt/tags/devopssec/	302
/tags/devopsweek/	/pt/tags/devopsweek/	302
/2016/12/03/apocaliptic-podcast-nuvens-desastradas/	/pt/2016/12/03/apocaliptic-podcast-nuvens-desastradas/	302
/tags/cloud/	/pt/tags/cloud/	302
/tags/ddos/	/pt/tags/ddos/	302
/tags/dyn/	/pt/tags/dyn/	302
/2016/11/26/docker-global-mentor-week/	/pt/2016/11/26/docker-global-mentor-week/	302
/categories/sl/	/pt/categories/sl/	302
/tags/meetup/	/pt/tags/meetup/	302
/2016/11/26/devopsdays-brasilia/	/pt/2016/11/26/devopsdays-brasilia/	302
/tags/bsb/	/pt/tags/bsb/	302
/tags/cluster/	/pt/tags/cluster/	302
/categories/container/	/pt/categories/container/	302
/tags/orquestracao/	/pt/tags/orquestracao/	302
/categories/rkt/	/pt/categories/rkt/	302
/tags/rkt/	/pt/tags/rkt/	302
/tags/swarm/	/pt/tags/swarm/	302
/2016/11/25/canais-docker-no-slack/	/pt/2016/11/25/canais-docker-no-slack/	302
/tags/whatsapp/	/pt/tags/whatsapp/	302
/2016/07/04/zapzaps-e-os-grupos-de-usuarios/	/pt/2016/07/04/zapzaps-e-os-grupos-de-usuarios/	302
/categories/debian/	/pt/categories/debian/	302
/tags/debian/	/pt/tags/debian/	302
/tags/telegram/	/pt/tags/telegram/	302
/2016/01/11/10-anos-do-pgbr-listas/	/pt/2016/01/11/10-anos-do-pgbr-listas/	302
/tags/mailman/	/pt/tags/mailman/	302
/categories/postgresql/	/pt/categories/postgresql/	302
/tags/postgresql/	/pt/tags/postgresql/	302
/tags/postgresql-brasil/	/pt/tags/postgresql-brasil/	302
/categories/timbira/	/pt/categories/timbira/	302
/2015/11/10/identificando-os-gargalos-de-sites/	/pt/2015/11/10/identificando-os-gargalos-de-sites/	302
/tags/backend/	/pt/tags/backend/	302
/tags/front-end/	/pt/tags/front-end/	302
/tags/gzip/	/pt/tags/gzip/	302
/tags/rum/	/pt/tags/rum/	302
/tags/ttfb/	/pt/tags/ttfb/	302
/categories/web-peformance/	/pt/categories/web-peformance/	302
/tags/web-performance/	/pt/tags/web-performance/	302
/tags/webpagetest/	/pt/tags/webpagetest/	302
/2015/08/10/fisl-16/	/pt/2015/08/10/fisl-16/	302
/tags/sl/	/pt/tags/sl/	302
/tags/fisl/	/pt/tags/fisl/	302
/2015/05/11/eventos-em-maio-de-2015/	/pt/2015/05/11/eventos-em-maio-de-2015/	302
/2015/04/27/docker-1-dot-6-lancado/	/pt/2015/04/27/docker-1-dot-6-lancado/	302
/tags/backports/	/pt/tags/backports/	302
/tags/jessie/	/pt/tags/jessie/	302
/2015/04/26/debian-jessie-8-lancado/	/pt/2015/04/26/debian-jessie-8-lancado/	302
/tags/wheezy/	/pt/tags/wheezy/	302
/categories/cdn/	/pt/categories/cdn/	302
/2014/12/23/configuracao-de-compressao-gzip-para-sites-e-ranking-de-cdn/	/pt/2014/12/23/configuracao-de-compressao-gzip-para-sites-e-ranking-de-cdn/	302
/categories/feo/	/pt/categories/feo/	302
/tags/cdn/	/pt/tags/cdn/	302
/tags/feo/	/pt/tags/feo/	302
/tags/http-archive/	/pt/tags/http-archive/	302
/categories/web-performance/	/pt/categories/web-performance/	302
/2014/11/17/meetup-docker-sp-docker-na-vida-real/	/pt/2014/11/17/meetup-docker-sp-docker-na-vida-real/	302
/tags/tdc/	/pt/tags/tdc/	302
/tags/c/	/pt/tags/c/	302
/2014/10/23/docker-1-dot-3/	/pt/2014/10/23/docker-1-dot-3/	302
/tags/docker-hub/	/pt/tags/docker-hub/	302
/tags/foss/	/pt/tags/foss/	302
/tags/go/	/pt/tags/go/	302
/tags/go-lang/	/pt/tags/go-lang/	302
/tags/java/	/pt/tags/java/	302
/tags/php/	/pt/tags/php/	302
/tags/programming/	/pt/tags/programming/	302
/tags/ruby/	/pt/tags/ruby/	302
/tags/1984/	/pt/tags/1984/	302
/2014/10/19/eu-fui-tdc-2014-edicao-poa/	/pt/2014/10/19/eu-fui-tdc-2014-edicao-poa/	302
/tags/managenment-3.0/	/pt/tags/managenment-3.0/	302
/tags/visual-thinking/	/pt/tags/visual-thinking/	302
/2014/09/19/pgday-campinas-docker-e-postgresql/	/pt/2014/09/19/pgday-campinas-docker-e-postgresql/	302
/tags/pgday/	/pt/tags/pgday/	302
/2014/09/03/banco-do-brasil-e-openjdk/	/pt/2014/09/03/banco-do-brasil-e-openjdk/	302
/tags/banco-do-brasil/	/pt/tags/banco-do-brasil/	302
/tags/icedtea/	/pt/tags/icedtea/	302
/categories/java/	/pt/categories/java/	302
/tags/openjdk/	/pt/tags/openjdk/	302
/tags/plugin/	/pt/tags/plugin/	302
/2014/08/22/tdc-2014-e-palestra-sobre-web-performance/	/pt/2014/08/22/tdc-2014-e-palestra-sobre-web-performance/	302
/categories/performance/	/pt/categories/performance/	302
/2014/07/10/entendendo-um-pouco-mais-sobre-containers/	/pt/2014/07/10/entendendo-um-pouco-mais-sobre-containers/	302
/tags/dotcloud/	/pt/tags/dotcloud/	302
/2014/06/30/containers-linux-com-docker/	/pt/2014/06/30/containers-linux-com-docker/	302
/2014/06/05/instalando-o-veewee/	/pt/2014/06/05/instalando-o-veewee/	302
/tags/kvm/	/pt/tags/kvm/	302
/tags/nokogiri/	/pt/tags/nokogiri/	302
/tags/vagrant/	/pt/tags/vagrant/	302
/tags/veewee/	/pt/tags/veewee/	302
/2014/05/20/fusos-e-etcetra/	/pt/2014/05/20/fusos-e-etcetra/	302
/tags/timezone/	/pt/tags/timezone/	302
/2014/04/18/ate-quando-ele-ira-sangrar/	/pt/2014/04/18/ate-quando-ele-ira-sangrar/	302
/tags/tls/	/pt/tags/tls/	302
/tags/heartbleed/	/pt/tags/heartbleed/	302
/tags/openssl/	/pt/tags/openssl/	302
/2014/03/27/recauchutagem-do-servidor-do-postgresql-brasil/	/pt/2014/03/27/recauchutagem-do-servidor-do-postgresql-brasil/	302
/2014/01/14/videoconf-do-hangout-caindo-no-debian/	/pt/2014/01/14/videoconf-do-hangout-caindo-no-debian/	302
/tags/hangout/	/pt/tags/hangout/	302
/tags/videoconferencia/	/pt/tags/videoconferencia/	302
/2014/01/06/voltando-ao-mundo-das-corridas/	/pt/2014/01/06/voltando-ao-mundo-das-corridas/	302
/categories/corrida-de-rua/	/pt/categories/corrida-de-rua/	302
/tags/corrida-de-rua/	/pt/tags/corrida-de-rua/	302
/2013/12/18/sua-nuvem-cai/	/pt/2013/12/18/sua-nuvem-cai/	302
/tags/sysadmin/	/pt/tags/sysadmin/	302
/2013/12/16/skype-e-computadores-com-duas-placas-de-video/	/pt/2013/12/16/skype-e-computadores-com-duas-placas-de-video/	302
/tags/bumblebee/	/pt/tags/bumblebee/	302
/tags/nvidia/	/pt/tags/nvidia/	302
/tags/skype/	/pt/tags/skype/	302
/2013/12/12/recuperando-os-podcasts/	/pt/2013/12/12/recuperando-os-podcasts/	302
/2013/11/23/convertendo-arquivos-de-musica-para-ogg-com-avconv/	/pt/2013/11/23/convertendo-arquivos-de-musica-para-ogg-com-avconv/	302
/tags/avconv/	/pt/tags/avconv/	302
/tags/ffmpeg/	/pt/tags/ffmpeg/	302
/2013/10/21/databasecast-38-vagas-de-mysql-e-postgresql/	/pt/2013/10/21/databasecast-38-vagas-de-mysql-e-postgresql/	302
/tags/mysql/	/pt/tags/mysql/	302
/2013/10/08/um-box-vagrant-para-o-cacic-3-dot-0/	/pt/2013/10/08/um-box-vagrant-para-o-cacic-3-dot-0/	302
/tags/cacic/	/pt/tags/cacic/	302
/2013/10/06/obrigado-agile-trends/	/pt/2013/10/06/obrigado-agile-trends/	302
/2013/09/23/linux-e-o-internet-banking-do-santander/	/pt/2013/09/23/linux-e-o-internet-banking-do-santander/	302
/tags/internet-banking/	/pt/tags/internet-banking/	302
/2013/09/20/pbuilder-and-pdebuild-to-sign-deb-package-automagically/	/pt/2013/09/20/pbuilder-and-pdebuild-to-sign-deb-package-automagically/	302
/tags/packaging/	/pt/tags/packaging/	302
/tags/pbuilder/	/pt/tags/pbuilder/	302
/2013/09/13/adicionando-legenda-ao-video-por-linha-de-comando/	/pt/2013/09/13/adicionando-legenda-ao-video-por-linha-de-comando/	302
/2013/09/13/pbuilder-e-pdebuilder/	/pt/2013/09/13/pbuilder-e-pdebuilder/	302
/2013/09/10/review-roteador-tp-link-tl-wr841n/	/pt/2013/09/10/review-roteador-tp-link-tl-wr841n/	302
/tags/roteador/	/pt/tags/roteador/	302
/categories/tech/	/pt/categories/tech/	302
/tags/tech/	/pt/tags/tech/	302
/2013/08/16/debian-20-anos/	/pt/2013/08/16/debian-20-anos/	302
/tags/toy-story/	/pt/tags/toy-story/	302
/2013/08/08/cdn-identificando-ip-de-um-usuario/	/pt/2013/08/08/cdn-identificando-ip-de-um-usuario/	302
/tags/apache/	/pt/tags/apache/	302
/tags/nginx/	/pt/tags/nginx/	302
/2013/08/06/postgresql-tuning/	/pt/2013/08/06/postgresql-tuning/	302
/tags/performance/	/pt/tags/performance/	302
/tags/tuning/	/pt/tags/tuning/	302
/2013/08/01/melhorar-peformance-do-site-aumenta-audiencia/	/pt/2013/08/01/melhorar-peformance-do-site-aumenta-audiencia/	302
/tags/octopress/	/pt/tags/octopress/	302
/categories/web-performane/	/pt/categories/web-performane/	302
/tags/wordpress/	/pt/tags/wordpress/	302
/2013/07/30/melhorando-o-seu-site-com-pagespeed/	/pt/2013/07/30/melhorando-o-seu-site-com-pagespeed/	302
/tags/pagespeed/	/pt/tags/pagespeed/	302
/2013/07/29/fim-do-the-h/	/pt/2013/07/29/fim-do-the-h/	302
/tags/slashdot/	/pt/tags/slashdot/	302
/tags/the-h/	/pt/tags/the-h/	302
/2013/07/20/estou-um-pouco-mais-agil-scrum/	/pt/2013/07/20/estou-um-pouco-mais-agil-scrum/	302
/2013/07/17/debian-e-sua-cdn-2/	/pt/2013/07/17/debian-e-sua-cdn-2/	302
/2013/07/12/instalando-loic-no-debian/	/pt/2013/07/12/instalando-loic-no-debian/	302
/tags/loic/	/pt/tags/loic/	302
/2013/07/08/mapa-dos-tweets-pelo-mundo/	/pt/2013/07/08/mapa-dos-tweets-pelo-mundo/	302
/tags/mapas/	/pt/tags/mapas/	302
/tags/visualizacao/	/pt/tags/visualizacao/	302
/2013/07/06/hangout-com-bruno-domingues-adiado/	/pt/2013/07/06/hangout-com-bruno-domingues-adiado/	302
/2013/07/05/hangout-desenvolvimento-de-aplicacaoes-para-cloud-computing-internet/	/pt/2013/07/05/hangout-desenvolvimento-de-aplicacaoes-para-cloud-computing-internet/	302
/2013/07/01/fisl-so-em-2014/	/pt/2013/07/01/fisl-so-em-2014/	302
/2013/07/01/webinar-como-suportar-um-milhao-de-usuarios-simultaneos/	/pt/2013/07/01/webinar-como-suportar-um-milhao-de-usuarios-simultaneos/	302
/tags/eventials/	/pt/tags/eventials/	302
/categories/fisl/	/pt/categories/fisl/	302
/2013/06/20/debian-no-fisl-14/	/pt/2013/06/20/debian-no-fisl-14/	302
/2013/06/17/o-vinagre-2/	/pt/2013/06/17/o-vinagre-2/	302
/tags/protestos/	/pt/tags/protestos/	302
/2013/06/15/ah_o_vinagre/	/pt/2013/06/15/ah_o_vinagre/	302
/tags/protesto/	/pt/tags/protesto/	302
/2013/06/14/fisl-14-eu-vou/	/pt/2013/06/14/fisl-14-eu-vou/	302
/tags/posgresql/	/pt/tags/posgresql/	302
/2013/06/01/debian-e-sua-cdn/	/pt/2013/06/01/debian-e-sua-cdn/	302
/2013/05/23/octopress-e-post-em-modo-rascunho/	/pt/2013/05/23/octopress-e-post-em-modo-rascunho/	302
/categories/octopress/	/pt/categories/octopress/	302
/2013/05/21/pgbr-2013-inscricoes-abertas/	/pt/2013/05/21/pgbr-2013-inscricoes-abertas/	302
/tags/timbira/	/pt/tags/timbira/	302
/2013/05/20/algumas-opcoes-do-dig/	/pt/2013/05/20/algumas-opcoes-do-dig/	302
/tags/dig/	/pt/tags/dig/	302
/tags/dns/	/pt/tags/dns/	302
/2013/05/15/novo-google-plus/	/pt/2013/05/15/novo-google-plus/	302
/categories/google/	/pt/categories/google/	302
/2013/05/08/debian-wheezy-chegou/	/pt/2013/05/08/debian-wheezy-chegou/	302
/2013/05/08/pes-cascusdos-tentando-voltar-ao-mundo-das-corridas/	/pt/2013/05/08/pes-cascusdos-tentando-voltar-ao-mundo-das-corridas/	302
/categories/corrida/	/pt/categories/corrida/	302
/tags/corrida/	/pt/tags/corrida/	302
/tags/porugues/	/pt/tags/porugues/	302
/2013/04/09/cedilha-com-teclado-americano/	/pt/2013/04/09/cedilha-com-teclado-americano/	302
/tags/gnome/	/pt/tags/gnome/	302
/tags/teclado/	/pt/tags/teclado/	302
/2013/04/08/desligando-o-beep-no-linux/	/pt/2013/04/08/desligando-o-beep-no-linux/	302
/tags/audio/	/pt/tags/audio/	302
/2013/04/03/usando-a-ultima-versao-do-firefox-no-debian/	/pt/2013/04/03/usando-a-ultima-versao-do-firefox-no-debian/	302
/categories/firefox/	/pt/categories/firefox/	302
/tags/firefox/	/pt/tags/firefox/	302
/tags/iceweasel/	/pt/tags/iceweasel/	302
/categories/web/	/pt/categories/web/	302
/tags/web/	/pt/tags/web/	302
/2013/04/02/infografico-sobre-os-varios-tipos-de-hospedagem/	/pt/2013/04/02/infografico-sobre-os-varios-tipos-de-hospedagem/	302
/2013/03/30/ajudando-a-wikipedia/	/pt/2013/03/30/ajudando-a-wikipedia/	302
/2013/03/30/devops-por-onde-comecar/	/pt/2013/03/30/devops-por-onde-comecar/	302
/categories/wikipedia/	/pt/categories/wikipedia/	302
/tags/wikipedia/	/pt/tags/wikipedia/	302
/2013/03/29/debian-e-o-pacote-skype-multiarch/	/pt/2013/03/29/debian-e-o-pacote-skype-multiarch/	302
/tags/multiarch/	/pt/tags/multiarch/	302
/categories/skype/	/pt/categories/skype/	302
/2013/03/28/debian-tem-um-blog-oficial/	/pt/2013/03/28/debian-tem-um-blog-oficial/	302
/2013/03/24/	/pt/2013/03/24/	302
/categories/f1/	/pt/categories/f1/	302
/tags/f1/	/pt/tags/f1/	302
/2013/03/21/debian-adicionando-novas-fontes-manualmente/	/pt/2013/03/21/debian-adicionando-novas-fontes-manualmente/	302
/tags/fontes/	/pt/tags/fontes/	302
/2013/02/25/pgvm/	/pt/2013/02/25/pgvm/	302
/categories/pgvm/	/pt/categories/pgvm/	302
/tags/pgvm/	/pt/tags/pgvm/	302
/2013/02/23/otimizacao-de-imagens-no-blog/	/pt/2013/02/23/otimizacao-de-imagens-no-blog/	302
/tags/blog/	/pt/tags/blog/	302
/2013/02/20/meetup-web-performance-boas-praticas-para-front-end-optimization/	/pt/2013/02/20/meetup-web-performance-boas-praticas-para-front-end-optimization/	302
/2013/02/20/syslinux-e-multiplas-distribuicoes-no-pendrive-usb/	/pt/2013/02/20/syslinux-e-multiplas-distribuicoes-no-pendrive-usb/	302
/tags/boot/	/pt/tags/boot/	302
/tags/imagens/	/pt/tags/imagens/	302
/categories/palestra/	/pt/categories/palestra/	302
/tags/syslinux/	/pt/tags/syslinux/	302
/2013/02/17/migrando-do-wordpress-para-octopress/	/pt/2013/02/17/migrando-do-wordpress-para-octopress/	302
/2013/02/16/pgbr-2013-chamada-de-trabalhos/	/pt/2013/02/16/pgbr-2013-chamada-de-trabalhos/	302
/tags/pgbr/	/pt/tags/pgbr/	302
/2013/02/15/motor-novo-octopress/	/pt/2013/02/15/motor-novo-octopress/	302
/2013/02/01/palestra-na-campus-party/	/pt/2013/02/01/palestra-na-campus-party/	302
/tags/web-peformance/	/pt/tags/web-peformance/	302
/2013/01/27/campus-party-2013/	/pt/2013/01/27/campus-party-2013/	302
/2013/01/07/criando-um-repositorio-espelho-de-um-debian-velho/	/pt/2013/01/07/criando-um-repositorio-espelho-de-um-debian-velho/	302
/tags/debmirror/	/pt/tags/debmirror/	302
/tags/lenny/	/pt/tags/lenny/	302
/2013/01/04/como-o-estado-apropria-se-de-software-e-o-torna-livre/	/pt/2013/01/04/como-o-estado-apropria-se-de-software-e-o-torna-livre/	302
/2013/01/04/teste-simples-sobre-um-site-com-ssl/	/pt/2013/01/04/teste-simples-sobre-um-site-com-ssl/	302
/categories/aleatorios/	/pt/categories/aleatorios/	302
/tags/software-publico/	/pt/tags/software-publico/	302
/2013/01/03/2012-a-transicao/	/pt/2013/01/03/2012-a-transicao/	302
/tags/tcu/	/pt/tags/tcu/	302
/2012/12/28/timeout-para-instalar-pacotes-no-debian-velho/	/pt/2012/12/28/timeout-para-instalar-pacotes-no-debian-velho/	302
/2012/12/27/instalando-um-debian-velho-lenny/	/pt/2012/12/27/instalando-um-debian-velho-lenny/	302
/tags/oldstable/	/pt/tags/oldstable/	302
/2012/12/26/pgbr-2013-porto-velho-vem-ai/	/pt/2012/12/26/pgbr-2013-porto-velho-vem-ai/	302
/tags/big-kahuna/	/pt/tags/big-kahuna/	302
/tags/porto-velho/	/pt/tags/porto-velho/	302
/2012/12/18/erlang-movie/	/pt/2012/12/18/erlang-movie/	302
/tags/erlang/	/pt/tags/erlang/	302
/tags/filme/	/pt/tags/filme/	302
/tags/32-bits/	/pt/tags/32-bits/	302
/tags/i386/	/pt/tags/i386/	302
/2012/12/17/i386-o-inicio-do-fim-do-32-bits/	/pt/2012/12/17/i386-o-inicio-do-fim-do-32-bits/	302
/tags/intel/	/pt/tags/intel/	302
/2012/12/12/git-apagando-um-branch-remoto/	/pt/2012/12/12/git-apagando-um-branch-remoto/	302
/tags/branch/	/pt/tags/branch/	302
/categories/git/	/pt/categories/git/	302
/tags/git/	/pt/tags/git/	302
/2012/11/27/1-mes-sem-correr/	/pt/2012/11/27/1-mes-sem-correr/	302
/tags/fisioterapia/	/pt/tags/fisioterapia/	302
/2012/10/31/status-do-servicos-do-skype/	/pt/2012/10/31/status-do-servicos-do-skype/	302
/categories/monitoramento/	/pt/categories/monitoramento/	302
/tags/monitoramento/	/pt/tags/monitoramento/	302
/2012/10/27/status-do-tumblr/	/pt/2012/10/27/status-do-tumblr/	302
/categories/tumblr/	/pt/categories/tumblr/	302
/tags/tumblr/	/pt/tags/tumblr/	302
/2012/10/20/latinoware-eu-fui/	/pt/2012/10/20/latinoware-eu-fui/	302
/tags/latinoware/	/pt/tags/latinoware/	302
/tags/mongodb/	/pt/tags/mongodb/	302
/2012/10/16/circuito-caixa-eu-fui/	/pt/2012/10/16/circuito-caixa-eu-fui/	302
/2012/10/16/electric-city/	/pt/2012/10/16/electric-city/	302
/tags/circuitocaixa/	/pt/tags/circuitocaixa/	302
/tags/eletric-city/	/pt/tags/eletric-city/	302
/tags/yahoo/	/pt/tags/yahoo/	302
/2012/10/15/status-do-wordpress-com/	/pt/2012/10/15/status-do-wordpress-com/	302
/tags/curl/	/pt/tags/curl/	302
/2012/10/13/latinoware-ai-vamos-nos/	/pt/2012/10/13/latinoware-ai-vamos-nos/	302
/2012/09/28/eu-fui-circuito-adidas-primavera/	/pt/2012/09/28/eu-fui-circuito-adidas-primavera/	302
/tags/circuito-adidas/	/pt/tags/circuito-adidas/	302
/2012/09/24/a-revolucao-sera-codificada/	/pt/2012/09/24/a-revolucao-sera-codificada/	302
/tags/ipv6/	/pt/tags/ipv6/	302
/categories/protestos/	/pt/categories/protestos/	302
/2012/09/21/20a-maratona-de-revezamento-pao-de-acucar-sp/	/pt/2012/09/21/20a-maratona-de-revezamento-pao-de-acucar-sp/	302
/2012/09/14/20a-maratona-de-revezamento-pao-de-acucar/	/pt/2012/09/14/20a-maratona-de-revezamento-pao-de-acucar/	302
/2012/09/10/postgresql-9-2-chegou/	/pt/2012/09/10/postgresql-9-2-chegou/	302
/2012/09/08/skynet-mais-proxima-de-acontecer/	/pt/2012/09/08/skynet-mais-proxima-de-acontecer/	302
/tags/exterminador-do-futuro/	/pt/tags/exterminador-do-futuro/	302
/tags/skynet/	/pt/tags/skynet/	302
/2012/08/16/como-amarrar-seu-tenis/	/pt/2012/08/16/como-amarrar-seu-tenis/	302
/tags/utilidade/	/pt/tags/utilidade/	302
/2012/08/13/seria-delta-etapa-china/	/pt/2012/08/13/seria-delta-etapa-china/	302
/tags/serie-delta/	/pt/tags/serie-delta/	302
/2012/08/07/5km-da-10a-meia-maratona-de-sbc/	/pt/2012/08/07/5km-da-10a-meia-maratona-de-sbc/	302
/2012/08/06/mars-curiosity-skynet-coming-soon/	/pt/2012/08/06/mars-curiosity-skynet-coming-soon/	302
/tags/curiosity/	/pt/tags/curiosity/	302
/tags/jpl/	/pt/tags/jpl/	302
/tags/marte/	/pt/tags/marte/	302
/2012/08/03/5km-da-meia-maratona-de-sao-bernardo/	/pt/2012/08/03/5km-da-meia-maratona-de-sao-bernardo/	302
/2012/08/03/debian-brasil-fisl13-a-mochila-fundadora/	/pt/2012/08/03/debian-brasil-fisl13-a-mochila-fundadora/	302
/2012/08/03/pgbr-no-fisl13/	/pt/2012/08/03/pgbr-no-fisl13/	302
/tags/hackathon/	/pt/tags/hackathon/	302
/2012/08/02/fisl-13-eu-fui/	/pt/2012/08/02/fisl-13-eu-fui/	302
/2012/07/18/e-devagar-devagarinho/	/pt/2012/07/18/e-devagar-devagarinho/	302
/tags/phantomjs/	/pt/tags/phantomjs/	302
